first_name,last_name,email,age
Liam,Walker,liam.walker1@example.com,28
Emma,Hughes,emma.hughes2@example.com,34
Noah,Turner,noah.turner3@example.com,22
Olivia,Barnes,olivia.barnes4@example.com,27
Elijah,Foster,elijah.foster5@example.com,31
Ava,Wood,ava.wood6@example.com,29
William,Harrison,william.harrison7@example.com,33
Sophia,Gibson,sophia.gibson8@example.com,24
James,Mcdonald,james.mcdonald9@example.com,26
Isabella,Barker,isabella.barker10@example.com,30
Benjamin,Murray,benjamin.murray11@example.com,21
Mia,Dixon,mia.dixon12@example.com,28
Lucas,Chapman,lucas.chapman13@example.com,32
Charlotte,Hunt,charlotte.hunt14@example.com,29
Henry,Graham,henry.graham15@example.com,40
Amelia,Shaw,amelia.shaw16@example.com,25
Alexander,Reid,alex.reid17@example.com,37
Harper,Carroll,harper.carroll18@example.com,20
Michael,Watts,michael.watts19@example.com,34
Ella,Higgins,ella.higgins20@example.com,33
Ethan,Bates,ethan.bates21@example.com,38
Aria,Black,aria.black22@example.com,22
Daniel,Reynolds,daniel.reynolds23@example.com,27
Scarlett,Fuller,scarlett.fuller24@example.com,36
Matthew,Hawkins,matthew.hawkins25@example.com,29
Grace,Stevens,grace.stevens26@example.com,28
Joseph,Long,joseph.long27@example.com,35
Chloe,West,chloe.west28@example.com,21
David,Cole,david.cole29@example.com,26
Victoria,Hart,victoria.hart30@example.com,31
Samuel,Stone,samuel.stone31@example.com,32
Penelope,Spencer,penelope.spencer32@example.com,39
Logan,Hamilton,logan.hamilton33@example.com,24
Layla,Harvey,layla.harvey34@example.com,27
Jackson,Page,jackson.page35@example.com,30
Lily,Cunningham,lily.cunningham36@example.com,23
Sebastian,Moss,sebastian.moss37@example.com,41
Nora,Newton,nora.newton38@example.com,28
Aiden,Todd,aiden.todd39@example.com,33
Zoey,Kay,zoey.kay40@example.com,26
Owen,Little,owen.little41@example.com,22
Hannah,Greer,hannah.greer42@example.com,25
Wyatt,Thornton,wyatt.thornton43@example.com,34
Eleanor,George,eleanor.george44@example.com,29
John,Hardy,john.hardy45@example.com,37
Addison,Barrett,addison.barrett46@example.com,30
Luke,SCott,luke.scott47@example.com,36
Stella,Chambers,stella.chambers48@example.com,33
Gabriel,Barber,gabriel.barber49@example.com,20
Natalie,Gill,natalie.gill50@example.com,21
Anthony,Pearson,anthony.pearson51@example.com,40
Leah,Goodwin,leah.goodwin52@example.com,38
Dylan,Holt,dylan.holt53@example.com,22
Hazel,Glover,hazel.glover54@example.com,27
Andrew,Riley,andrew.riley55@example.com,34
Violet,Baldwin,violet.baldwin56@example.com,31
Isaac,Park,isaac.park57@example.com,26
Aurora,Lamb,aurora.lamb58@example.com,24
Thomas,Hayden,thomas.hayden59@example.com,32
Savannah,Hooper,savannah.hooper60@example.com,37
Joshua,Horton,joshua.horton61@example.com,40
Zoey,Byrne,zoey.byrne62@example.com,29
Charles,Chandler,charles.chandler63@example.com,28
Brooklyn,Bailey,brooklyn.bailey64@example.com,33
Christopher,Rowe,christopher.rowe65@example.com,35
Paisley,Boyle,paisley.boyle66@example.com,39
Ezra,Poole,ezra.poole67@example.com,25
Ellie,Bolton,ellie.bolton68@example.com,22
Nathan,Metcalfe,nathan.metcalfe69@example.com,23
Skylar,Preston,skylar.preston70@example.com,21
Hunter,Kent,hunter.kent71@example.com,31
Lucy,Fry,lucy.fry72@example.com,26
Aaron,Pratt,aaron.pratt73@example.com,32
Sadie,Rich,sadie.rich74@example.com,29
Christian,Forbes,christian.forbes75@example.com,33
Claire,Savage,claire.savage76@example.com,38
Jonathan,Dickson,jonathan.dickson77@example.com,24
Anna,Mccormick,anna.mccormick78@example.com,35
Leo,Schofield,leo.schofield79@example.com,30
Caroline,Coates,caroline.coates80@example.com,34
Julian,Storey,julian.storey81@example.com,27
Kennedy,Devine,kennedy.devine82@example.com,20
Robert,Sharp,robert.sharp83@example.com,41
Ruby,Stokes,ruby.stokes84@example.com,22
Brayden,Johnston,brayden.johnston85@example.com,33
Alice,Hamond,alice.hamond86@example.com,26
Mateo,Wilcox,mateo.wilcox87@example.com,29
Gabriella,Hope,gabriella.hope88@example.com,24
Jack,Field,jack.field89@example.com,31
Sadie,Lester,sadie.lester90@example.com,26
Levi,Hobbs,levi.hobbs91@example.com,32
Serenity,Vaughan,serenity.vaughan92@example.com,28
Isaiah,Collier,isaiah.collier93@example.com,33
Autumn,England,autumn.england94@example.com,36
Grayson,Blair,grayson.blair95@example.com,29
Quinn,Bond,quinn.bond96@example.com,23
Jayden,Donaldson,jayden.donaldson97@example.com,27
Piper,Howarth,piper.howarth98@example.com,21
Caleb,Randall,caleb.randall99@example.com,34
Riley,Hargreaves,riley.hargreaves100@example.com,30
Maverick,Sanderson,maverick.sanderson101@example.com,35
Adeline,Roy,adeline.roy102@example.com,22
Elias,Pollard,elias.pollard103@example.com,29
Delilah,Farrell,delilah.farrell104@example.com,33
Landon,Avery,landon.avery105@example.com,28
Jade,Cross,jade.cross106@example.com,26
Ryan,Wolf,ryan.wolf107@example.com,32
Sophie,Whittaker,sophie.whittaker108@example.com,34
Jaxon,Craig,jaxon.craig109@example.com,31
Madeline,Coyle,madeline.coyle110@example.com,23
Roman,Jarvis,roman.jarvis111@example.com,38
Arianna,Whittle,arianna.whittle112@example.com,27
Asher,Bullock,asher.bullock113@example.com,29
Peyton,Downes,peyton.downes114@example.com,26
Cameron,Hopewell,cameron.hopewell115@example.com,36
Julia,Milner,julia.milner116@example.com,31
Easton,Nixon,easton.nixon117@example.com,25
Molly,Penn,molly.penn118@example.com,24
Connor,Bettis,connor.bettis119@example.com,33
Kinsley,Melrose,kinsley.melrose120@example.com,32
Jeremiah,Stanford,jeremiah.stanford121@example.com,27
Cora,Radcliffe,cora.radcliffe122@example.com,30
Hudson,Murdoch,hudson.murdoch123@example.com,29
Aubrey,Kirk,aubrey.kirk124@example.com,28
Nicholas,Darby,nicholas.darby125@example.com,36
Reagan,Mellor,reagan.mellor126@example.com,24
Evan,Roper,evan.roper127@example.com,26
Elena,Hayward,elena.hayward128@example.com,21
Adrian,Masters,adrian.masters129@example.com,41
Willow,Mathews,willow.mathews130@example.com,27
Aaron,Draper,aaron.draper131@example.com,35
Naomi,Coulson,naomi.coulson132@example.com,28
Ian,Briggs,ian.briggs133@example.com,33
Ivy,Hutton,ivy.hutton134@example.com,32
Jordan,Lacey,jordan.lacey135@example.com,26
Ariana,Mclean,ariana.mclean136@example.com,22
Greyson,Searle,greyson.searle137@example.com,37
Clara,Wilde,clara.wilde138@example.com,34
Cooper,Powell,cooper.powell139@example.com,24
Lydia,Cairns,lydia.cairns140@example.com,23
Xavier,Lyon,xavier.lyon141@example.com,38
Brielle,Rowlands,brielle.rowlands142@example.com,31
Carson,Adams,carson.adams143@example.com,22
Genevieve,Broom,genevieve.broom144@example.com,25
Miles,Terry,miles.terry145@example.com,33
Jasmine,Dale,jasmine.dale146@example.com,27
Vincent,Rowntree,vincent.rowntree147@example.com,41
Alice,Webster,alice.webster148@example.com,26
Brody,Mellors,brody.mellors149@example.com,29
Eliza,Armstrong,eliza.armstrong150@example.com,30
Silas,Harker,silas.harker151@example.com,23
Mary,Marlow,mary.marlow152@example.com,39
Kevin,Cowley,kevin.cowley153@example.com,25
Daisy,Rowell,daisy.rowell154@example.com,22
Jason,Buckley,jason.buckley155@example.com,37
Hope,Drury,hope.drury156@example.com,31
Adam,Farrar,adam.farrar157@example.com,27
Juliette,Brewster,juliette.brewster158@example.com,36
Tristan,Connolly,tristan.connolly159@example.com,33
Summer,Delaney,summer.delaney160@example.com,20
Brooks,Slater,brooks.slater161@example.com,34
Faith,Tennant,faith.tennant162@example.com,28
Kai,Keane,kai.keane163@example.com,23
Valentina,Seaton,valentina.seaton164@example.com,22
Victor,Gilbert,victor.gilbert165@example.com,32
Raelynn,Sadler,raelynn.sadler166@example.com,28
Joel,Bromley,joel.bromley167@example.com,30
Rylee,Archer,rylee.archer168@example.com,26
Mark,Grimes,mark.grimes169@example.com,35
Poppy,Birch,poppy.birch170@example.com,24
Gavin,Crane,gavin.crane171@example.com,38
Adalyn,Abbott,adalyn.abbott172@example.com,23
Zachary,Ferris,zachary.ferris173@example.com,33
Maeve,Eden,maeve.eden174@example.com,28
Eric,Slade,eric.slade175@example.com,29
Margot,Ashton,margot.ashton176@example.com,22
Tyler,Pope,tyler.pope177@example.com,34
Vivian,Winter,vivian.winter178@example.com,30
Diego,Andrews,diego.andrews179@example.com,27
Rosalie,Burrows,rosalie.burrows180@example.com,25
Patrick,Barron,patrick.barron181@example.com,37
Thea,Griffin,thea.griffin182@example.com,31
Chase,Redman,chase.redman183@example.com,26
Angela,Proctor,angela.proctor184@example.com,32
Bennett,Dobbins,bennett.dobbins185@example.com,33
Lola,Wynn,lola.wynn186@example.com,20
Declan,Spalding,declan.spalding187@example.com,28
Fiona,Huxley,fiona.huxley188@example.com,27
Eduardo,Newman,eduardo.newman189@example.com,41
Tessa,Lang,tessa.lang190@example.com,28
Shawn,Ricks,shawn.ricks191@example.com,26
Mira,Fielding,mira.fielding192@example.com,24
Elliot,Wray,elliot.wray193@example.com,34
Camila,Warren,camila.warren194@example.com,29
Zane,Lowry,zane.lowry195@example.com,23
Helena,Knowles,helena.knowles196@example.com,38
Franklin,Haigh,franklin.haigh197@example.com,33
Phoebe,Cordell,phoebe.cordell198@example.com,20
Colin,Nairn,colin.nairn199@example.com,25
Rebecca,Hume,rebecca.hume200@example.com,24
